County/unit,Fuel,Utility Fuel Mix,MWh from Claims on,Total MWh from Market,Total MWh
Alcoa,Biogas,0.00%,0,0,0
Alcoa,Biomass,0.11%,85,87,172
Alcoa,Coal,1.23%,0,"1,951","1,951"
Alcoa,Geothermal,0.00%,0,0,0
Alcoa,Hydro,86.75%,"134,575","2,529","137,103"
Alcoa,Natural Gas,0.71%,12,"1,103","1,114"
Alcoa,Nuclear,11.15%,"17,488",136,"17,624"
Alcoa,Other Biogenic,0.00%,0,0,0
Alcoa,Other Non-Biogenic,0.03%,0,46,46
Alcoa,Petroleum,0.02%,0,29,29
Alcoa,Solar,0.00%,0,0,0
Alcoa,Waste,0.00%,0,0,0
Alcoa,Wind,0.00%,0,0,0
Alcoa,Total,100.00%,"152,160","5,881","158,039"
Alder Mutual Light,Biogas,0.00%,0,0,0
Alder Mutual Light,Biomass,0.11%,3,3,5
Alder Mutual Light,Coal,1.23%,0,58,58
Alder Mutual Light,Geothermal,0.00%,0,0,0
Alder Mutual Light,Hydro,86.75%,"4,028",76,"4,103"
Alder Mutual Light,Natural Gas,0.71%,0,33,33
Alder Mutual Light,Nuclear,11.15%,523,4,527
Alder Mutual Light,Other Biogenic,0.00%,0,0,0
Alder Mutual Light,Other Non-Biogenic,0.03%,0,1,1
Alder Mutual Light,Petroleum,0.02%,0,1,1
Alder Mutual Light,Solar,0.00%,0,0,0
Alder Mutual Light,Waste,0.00%,0,0,0
Alder Mutual Light,Wind,0.00%,0,0,0
Alder Mutual Light,Total,100.00%,"4,554",176,"4,728"
Asotin County PUD #1,Biogas,0.00%,0,0,0
Asotin County PUD #1,Biomass,0.11%,3,3,5
Asotin County PUD #1,Coal,1.23%,0,61,61
Asotin County PUD #1,Geothermal,0.00%,0,0,0
Asotin County PUD #1,Hydro,86.75%,"4,208",79,"4,287"
Asotin County PUD #1,Natural Gas,0.71%,0,34,35
Asotin County PUD #1,Nuclear,11.15%,547,4,551
Asotin County PUD #1,Other Biogenic,0.00%,0,0,0
Asotin County PUD #1,Other Non-Biogenic,0.03%,0,1,1
Asotin County PUD #1,Petroleum,0.02%,0,1,1
Asotin County PUD #1,Solar,0.00%,0,0,0
Asotin County PUD #1,Waste,0.00%,0,0,0
Asotin County PUD #1,Wind,0.00%,0,0,0
Asotin County PUD #1,Total,100.00%,"4,758",183,"4,941"
Avista (WA),Biogas,0.00%,0,0,0
Avista (WA),Biomass,3.27%,"195,804",0,"195,804"
Avista (WA),Coal,14.84%,"889,734",0,"889,734"
Avista (WA),Geothermal,0.00%,0,0,0
Avista (WA),Hydro,44.75%,"2,682,694",0,"2,682,694"
Avista (WA),Natural Gas,32.01%,"1,918,899",0,"1,918,899"
Avista (WA),Nuclear,0.00%,0,0,0
Avista (WA),Other Biogenic,0.64%,"38,222",0,"38,222"
Avista (WA),Other Non-Biogenic,0.00%,0,0,0
Avista (WA),Petroleum,0.02%,"1,063",0,"1,063"
Avista (WA),Solar,0.00%,0,0,0
Avista (WA),Waste,0.61%,"36,723",0,"36,723"
Avista (WA),Wind,3.86%,"231,304",0,"231,304"
Avista (WA),Total,100.00%,"5,994,443",0,"5,994,443"
Benton County PUD #1,Biogas,0.00%,0,0,0
Benton County PUD #1,Biomass,0.17%,796,"2,091","2,887"
Benton County PUD #1,Coal,2.70%,0,"47,140","47,140"
Benton County PUD #1,Geothermal,0.00%,0,0,0
Benton County PUD #1,Hydro,76.30%,"1,270,966","61,098","1,332,064"
Benton County PUD #1,Natural Gas,5.62%,"71,504","26,639","98,143"
Benton County PUD #1,Nuclear,9.55%,"163,407","3,297","166,705"
Benton County PUD #1,Other Biogenic,0.00%,0,0,0
Benton County PUD #1,Other Non-Biogenic,0.06%,0,"1,110","1,110"
Benton County PUD #1,Petroleum,0.04%,0,699,699
Benton County PUD #1,Solar,0.08%,"1,432",0,"1,432"
Benton County PUD #1,Waste,0.00%,0,0,0
Benton County PUD #1,Wind,5.48%,"95,631",0,"95,631"
Benton County PUD #1,Total,100.00%,"1,603,736","142,074","1,745,811"
Benton Rural Electric Assn,Biogas,0.00%,0,0,0
Benton Rural Electric Assn,Biomass,0.18%,325,808,"1,133"
Benton Rural Electric Assn,Coal,2.87%,0,"18,205","18,205"
Benton Rural Electric Assn,Geothermal,0.00%,0,0,0
Benton Rural Electric Assn,Hydro,84.51%,"513,456","23,596","537,051"
Benton Rural Electric Assn,Natural Gas,1.63%,45,"10,288","10,333"
Benton Rural Electric Assn,Nuclear,10.70%,"66,723","1,273","67,996"
Benton Rural Electric Assn,Other Biogenic,0.00%,0,0,0
Benton Rural Electric Assn,Other Non-Biogenic,0.07%,0,429,429
Benton Rural Electric Assn,Petroleum,0.04%,0,270,270
Benton Rural Electric Assn,Solar,0.00%,0,0,0
Benton Rural Electric Assn,Waste,0.00%,0,0,0
Benton Rural Electric Assn,Wind,0.00%,0,0,0
Benton Rural Electric Assn,Total,100.00%,"580,549","54,869","635,417"
Big Bend Electric Coop,Biogas,0.00%,0,0,0
Big Bend Electric Coop,Biomass,0.11%,300,304,604
Big Bend Electric Coop,Coal,1.23%,0,"6,861","6,861"
Big Bend Electric Coop,Geothermal,0.00%,0,0,0
Big Bend Electric Coop,Hydro,86.75%,"473,251","8,892","482,144"
Big Bend Electric Coop,Natural Gas,0.71%,42,"3,877","3,919"
Big Bend Electric Coop,Nuclear,11.15%,"61,498",480,"61,978"
Big Bend Electric Coop,Other Biogenic,0.00%,0,0,0
Big Bend Electric Coop,Other Non-Biogenic,0.03%,0,162,162
Big Bend Electric Coop,Petroleum,0.02%,0,102,102
Big Bend Electric Coop,Solar,0.00%,0,0,0
Big Bend Electric Coop,Waste,0.00%,0,0,0
Big Bend Electric Coop,Wind,0.00%,0,0,0
Big Bend Electric Coop,Total,100.00%,"535,091","20,678","555,770"
BPA Federal Claimant (WA),Biogas,0.00%,0,0,0
BPA Federal Claimant (WA),Biomass,0.11%,377,383,760
BPA Federal Claimant (WA),Coal,1.23%,0,"8,629","8,629"
BPA Federal Claimant (WA),Geothermal,0.00%,0,0,0
BPA Federal Claimant (WA),Hydro,86.75%,"595,236","11,185","606,420"
BPA Federal Claimant (WA),Natural Gas,0.71%,52,"4,877","4,929"
BPA Federal Claimant (WA),Nuclear,11.15%,"77,350",604,"77,953"
BPA Federal Claimant (WA),Other Biogenic,0.00%,0,0,0
BPA Federal Claimant (WA),Other Non-Biogenic,0.03%,0,203,203
BPA Federal Claimant (WA),Petroleum,0.02%,0,128,128
BPA Federal Claimant (WA),Solar,0.00%,0,0,0
BPA Federal Claimant (WA),Waste,0.00%,0,0,0
BPA Federal Claimant (WA),Wind,0.00%,0,0,0
Centralia City Light,Biogas,0.00%,0,0,0
Centralia City Light,Biomass,0.08%,99,101,200
Centralia City Light,Coal,0.87%,0,"2,275","2,275"
Centralia City Light,Geothermal,0.00%,0,0,0
Centralia City Light,Hydro,90.63%,"233,182","2,949","236,131"
Centralia City Light,Natural Gas,0.50%,14,"1,286","1,299"
Centralia City Light,Nuclear,7.89%,"20,393",159,"20,552"
Centralia City Light,Other Biogenic,0.00%,0,0,0
Centralia City Light,Other Non-Biogenic,0.02%,0,54,54
Centralia City Light,Petroleum,0.01%,0,34,34
Centralia City Light,Solar,0.00%,0,0,0
Centralia City Light,Waste,0.00%,0,0,0
Centralia City Light,Wind,0.00%,0,0,0
Centralia City Light,Total,100.00%,"253,688","6,858","260,545"
Chelan County PUD #1,Biogas,0.00%,0,0,0
Chelan County PUD #1,Biomass,0.04%,0,603,603
Chelan County PUD #1,Coal,0.83%,0,"13,595","13,595"
Chelan County PUD #1,Geothermal,0.00%,0,0,0
Chelan County PUD #1,Hydro,98.56%,"1,601,744","17,620","1,619,364"
Chelan County PUD #1,Natural Gas,0.47%,0,"7,682","7,682"
Chelan County PUD #1,Nuclear,0.06%,0,951,951
Chelan County PUD #1,Other Biogenic,0.00%,0,0,0
Chelan County PUD #1,Other Non-Biogenic,0.02%,0,320,320
Chelan County PUD #1,Petroleum,0.01%,19,202,221
Chelan County PUD #1,Solar,0.00%,0,0,0
Chelan County PUD #1,Waste,0.00%,0,0,0
Chelan County PUD #1,Wind,0.01%,201,0,201
Chelan County PUD #1,Total,100.00%,"1,601,964","40,973","1,642,937"
Cheney Light Department,Biogas,0.00%,0,0,0
Cheney Light Department,Biomass,0.13%,75,108,183
Cheney Light Department,Coal,1.74%,0,"2,445","2,445"
Cheney Light Department,Geothermal,0.00%,0,0,0
Cheney Light Department,Hydro,86.06%,"118,084","3,169","121,252"
Cheney Light Department,Natural Gas,0.99%,10,"1,382","1,392"
Cheney Light Department,Nuclear,11.01%,"15,345",171,"15,516"
Cheney Light Department,Other Biogenic,0.00%,0,0,0
Cheney Light Department,Other Non-Biogenic,0.04%,0,58,58
Cheney Light Department,Petroleum,0.03%,0,36,36
Cheney Light Department,Solar,0.00%,0,0,0
Cheney Light Department,Waste,0.00%,0,0,0
Cheney Light Department,Wind,0.00%,0,0,0
Cheney Light Department,Total,100.00%,"133,514","7,369","140,882"
Chewelah Electric Department,Biogas,0.00%,0,0,0
Chewelah Electric Department,Biomass,0.11%,12,12,23
Chewelah Electric Department,Coal,1.23%,0,264,264
Chewelah Electric Department,Geothermal,0.00%,0,0,0
Chewelah Electric Department,Hydro,86.75%,"18,226",342,"18,568"
Chewelah Electric Department,Natural Gas,0.71%,2,149,151
Chewelah Electric Department,Nuclear,11.15%,"2,368",18,"2,387"
Chewelah Electric Department,Other Biogenic,0.00%,0,0,0
Chewelah Electric Department,Other Non-Biogenic,0.03%,0,6,6
Chewelah Electric Department,Petroleum,0.02%,0,4,4
Chewelah Electric Department,Solar,0.00%,0,0,0
Chewelah Electric Department,Waste,0.00%,0,0,0
Chewelah Electric Department,Wind,0.00%,0,0,0
Chewelah Electric Department,Total,100.00%,"20,608",795,"21,403"
City of Blaine,Biogas,0.00%,0,0,0
City of Blaine,Biomass,0.11%,43,43,86
City of Blaine,Coal,1.23%,0,979,979
City of Blaine,Geothermal,0.00%,0,0,0
City of Blaine,Hydro,86.75%,"67,506","1,268","68,775"
City of Blaine,Natural Gas,0.71%,6,553,559
City of Blaine,Nuclear,11.15%,"8,772",68,"8,841"
City of Blaine,Other Biogenic,0.00%,0,0,0
City of Blaine,Other Non-Biogenic,0.03%,0,23,23
City of Blaine,Petroleum,0.02%,0,15,15
City of Blaine,Solar,0.00%,0,0,0
City of Blaine,Waste,0.00%,0,0,0
City of Blaine,Wind,0.00%,0,0,0
City of Blaine,Total,100.00%,"76,327","2,949","79,278"
Clallam County PUD #1,Biogas,0.00%,0,0,0
Clallam County PUD #1,Biomass,0.11%,339,345,684
Clallam County PUD #1,Coal,1.21%,0,"7,773","7,773"
Clallam County PUD #1,Geothermal,0.00%,0,0,0
Clallam County PUD #1,Hydro,86.97%,"546,312","10,075","556,387"
Clallam County PUD #1,Natural Gas,0.69%,47,"4,393","4,440"
Clallam County PUD #1,Nuclear,10.97%,"69,673",544,"70,217"
Clallam County PUD #1,Other Biogenic,0.00%,0,0,0
Clallam County PUD #1,Other Non-Biogenic,0.03%,0,183,183
Clallam County PUD #1,Petroleum,0.02%,0,115,115
Clallam County PUD #1,Solar,0.00%,0,0,0
Clallam County PUD #1,Waste,0.00%,0,0,0
Clallam County PUD #1,Wind,0.00%,0,0,0
Clallam County PUD #1,Total,100.00%,"616,371","23,428","639,799"
Clark County PUD #1,Biogas,0.00%,0,0,0
Clark County PUD #1,Biomass,0.11%,"1,591","3,486","5,077"
Clark County PUD #1,Coal,1.73%,0,"78,581","78,581"
Clark County PUD #1,Geothermal,0.00%,0,0,0
Clark County PUD #1,Hydro,58.02%,"2,530,087","101,850","2,631,938"
Clark County PUD #1,Natural Gas,32.75%,"1,441,327","44,407","1,485,734"
Clark County PUD #1,Nuclear,7.32%,"326,532","5,497","332,029"
Clark County PUD #1,Other Biogenic,0.00%,0,0,0
Clark County PUD #1,Other Non-Biogenic,0.04%,0,"1,851","1,851"
Clark County PUD #1,Petroleum,0.03%,0,"1,165","1,165"
Clark County PUD #1,Solar,0.00%,0,0,0
Clark County PUD #1,Waste,0.00%,0,0,0
Clark County PUD #1,Wind,0.00%,0,0,0
Clark County PUD #1,Total,100.00%,"4,299,537","236,837","4,536,375"
Clearwater Power (WA),Biogas,0.00%,0,0,0
Clearwater Power (WA),Biomass,0.11%,12,12,23
Clearwater Power (WA),Coal,1.23%,0,265,265
Clearwater Power (WA),Geothermal,0.00%,0,0,0
Clearwater Power (WA),Hydro,86.75%,"18,308",344,"18,652"
Clearwater Power (WA),Natural Gas,0.71%,2,150,152
Clearwater Power (WA),Nuclear,11.15%,"2,379",19,"2,398"
Clearwater Power (WA),Other Biogenic,0.00%,0,0,0
Clearwater Power (WA),Other Non-Biogenic,0.03%,0,6,6
Clearwater Power (WA),Petroleum,0.02%,0,4,4
Clearwater Power (WA),Solar,0.00%,0,0,0
Clearwater Power (WA),Waste,0.00%,0,0,0
Clearwater Power (WA),Wind,0.00%,0,0,0
Clearwater Power (WA),Total,100.00%,"20,701",800,"21,500"
Columbia Rural Electric Assn (WA),Biogas,0.00%,0,0,0
Columbia Rural Electric Assn (WA),Biomass,0.11%,186,189,376
Columbia Rural Electric Assn (WA),Coal,1.23%,0,"4,266","4,266"
Columbia Rural Electric Assn (WA),Geothermal,0.00%,0,0,0
Columbia Rural Electric Assn (WA),Hydro,86.75%,"294,255","5,529","299,784"
Columbia Rural Electric Assn (WA),Natural Gas,0.71%,26,"2,411","2,437"
Columbia Rural Electric Assn (WA),Nuclear,11.15%,"38,238",298,"38,536"
Columbia Rural Electric Assn (WA),Other Biogenic,0.00%,0,0,0
Columbia Rural Electric Assn (WA),Other Non-Biogenic,0.03%,0,100,100
Columbia Rural Electric Assn (WA),Petroleum,0.02%,0,63,63
Columbia Rural Electric Assn (WA),Solar,0.00%,0,0,0
Columbia Rural Electric Assn (WA),Waste,0.00%,0,0,0
Columbia Rural Electric Assn (WA),Wind,0.00%,0,0,0
Columbia Rural Electric Assn (WA),Total,100.00%,"332,705","12,856","345,562"
"Coulee Dam, Town of",Biogas,0.00%,0,0,0
"Coulee Dam, Town of",Biomass,0.11%,9,9,17
"Coulee Dam, Town of",Coal,1.23%,0,198,198
"Coulee Dam, Town of",Geothermal,0.00%,0,0,0
"Coulee Dam, Town of",Hydro,86.75%,"13,689",257,"13,946"
"Coulee Dam, Town of",Natural Gas,0.71%,1,112,113
"Coulee Dam, Town of",Nuclear,11.15%,"1,779",14,"1,793"
"Coulee Dam, Town of",Other Biogenic,0.00%,0,0,0
"Coulee Dam, Town of",Other Non-Biogenic,0.03%,0,5,5
"Coulee Dam, Town of",Petroleum,0.02%,0,3,3
"Coulee Dam, Town of",Solar,0.00%,0,0,0
"Coulee Dam, Town of",Waste,0.00%,0,0,0
"Coulee Dam, Town of",Wind,0.00%,0,0,0
"Coulee Dam, Town of",Total,100.00%,"15,478",598,"16,075"
Cowlitz County PUD #1,Biogas,0.00%,0,0,0
Cowlitz County PUD #1,Biomass,4.45%,"220,500","5,723","226,223"
Cowlitz County PUD #1,Coal,3.01%,"24,172","129,018","153,190"
Cowlitz County PUD #1,Geothermal,0.00%,0,0,0
Cowlitz County PUD #1,Hydro,77.20%,"3,758,176","167,222","3,925,398"
Cowlitz County PUD #1,Natural Gas,2.16%,"36,705","72,910","109,614"
Cowlitz County PUD #1,Nuclear,9.67%,"482,835","9,025","491,859"
Cowlitz County PUD #1,Other Biogenic,0.19%,"9,676",0,"9,676"
Cowlitz County PUD #1,Other Non-Biogenic,0.06%,0,"3,039","3,039"
Cowlitz County PUD #1,Petroleum,0.05%,597,"1,914","2,511"
Cowlitz County PUD #1,Solar,0.00%,0,0,0
Cowlitz County PUD #1,Waste,0.00%,0,0,0
Cowlitz County PUD #1,Wind,3.21%,"163,175",0,"163,175"
Cowlitz County PUD #1,Total,100.00%,"4,695,836","388,851","5,084,685"
Douglas County PUD #1,Biogas,0.00%,0,0,0
Douglas County PUD #1,Biomass,0.00%,0,0,0
Douglas County PUD #1,Coal,0.00%,0,0,0
Douglas County PUD #1,Geothermal,0.00%,0,0,0
Douglas County PUD #1,Hydro,100.00%,"847,851",0,"847,851"
Douglas County PUD #1,Natural Gas,0.00%,0,0,0
Douglas County PUD #1,Nuclear,0.00%,0,0,0
Douglas County PUD #1,Other Biogenic,0.00%,0,0,0
Douglas County PUD #1,Other Non-Biogenic,0.00%,0,0,0
Douglas County PUD #1,Petroleum,0.00%,0,0,0
Douglas County PUD #1,Solar,0.00%,0,0,0
Douglas County PUD #1,Waste,0.00%,0,0,0
Douglas County PUD #1,Wind,0.00%,0,0,0
Douglas County PUD #1,Total,100.00%,"847,851",0,"847,851"
Eatonville Electric Department,Biogas,0.00%,0,0,0
Eatonville Electric Department,Biomass,0.11%,14,15,29
Eatonville Electric Department,Coal,1.23%,0,332,332
Eatonville Electric Department,Geothermal,0.00%,0,0,0
Eatonville Electric Department,Hydro,86.75%,"22,898",430,"23,329"
Eatonville Electric Department,Natural Gas,0.71%,2,188,190
Eatonville Electric Department,Nuclear,11.15%,"2,976",23,"2,999"
Eatonville Electric Department,Other Biogenic,0.00%,0,0,0
Eatonville Electric Department,Other Non-Biogenic,0.03%,0,8,8
Eatonville Electric Department,Petroleum,0.02%,0,5,5
Eatonville Electric Department,Solar,0.00%,0,0,0
Eatonville Electric Department,Waste,0.00%,0,0,0
Eatonville Electric Department,Wind,0.00%,0,0,0
Eatonville Electric Department,Total,100.00%,"25,890","1,001","26,892"
Ellensburg Electric Division,Biogas,0.00%,0,0,0
Ellensburg Electric Division,Biomass,0.11%,112,113,225
Ellensburg Electric Division,Coal,1.23%,0,"2,555","2,555"
Ellensburg Electric Division,Geothermal,0.00%,0,0,0
Ellensburg Electric Division,Hydro,86.75%,"176,254","3,312","179,566"
Ellensburg Electric Division,Natural Gas,0.71%,16,"1,444","1,460"
Ellensburg Electric Division,Nuclear,11.15%,"22,904",179,"23,083"
Ellensburg Electric Division,Other Biogenic,0.00%,0,0,0
Ellensburg Electric Division,Other Non-Biogenic,0.03%,0,60,60
Ellensburg Electric Division,Petroleum,0.02%,0,38,38
Ellensburg Electric Division,Solar,0.00%,0,0,0
Ellensburg Electric Division,Waste,0.00%,0,0,0
Ellensburg Electric Division,Wind,0.00%,0,0,0
Ellensburg Electric Division,Total,100.00%,"199,286","7,701","206,987"
Elmhurst Mutual Power & Light,Biogas,0.00%,0,0,0
Elmhurst Mutual Power & Light,Biomass,0.11%,144,146,290
Elmhurst Mutual Power & Light,Coal,1.23%,0,"3,292","3,292"
Elmhurst Mutual Power & Light,Geothermal,0.00%,0,0,0
Elmhurst Mutual Power & Light,Hydro,86.75%,"227,074","4,267","231,341"
Elmhurst Mutual Power & Light,Natural Gas,0.71%,20,"1,860","1,880"
Elmhurst Mutual Power & Light,Nuclear,11.15%,"29,508",230,"29,738"
Elmhurst Mutual Power & Light,Other Biogenic,0.00%,0,0,0
Elmhurst Mutual Power & Light,Other Non-Biogenic,0.03%,0,78,78
Elmhurst Mutual Power & Light,Petroleum,0.02%,0,49,49
Elmhurst Mutual Power & Light,Solar,0.00%,0,0,0
Elmhurst Mutual Power & Light,Waste,0.00%,0,0,0
Elmhurst Mutual Power & Light,Wind,0.00%,0,0,0
Elmhurst Mutual Power & Light,Total,100.00%,"256,746","9,922","266,668"
Ferry County PUD #1,Biogas,0.00%,0,0,0
Ferry County PUD #1,Biomass,0.11%,57,58,115
Ferry County PUD #1,Coal,1.23%,0,"1,309","1,309"
Ferry County PUD #1,Geothermal,0.00%,0,0,0
Ferry County PUD #1,Hydro,86.75%,"90,269","1,696","91,965"
Ferry County PUD #1,Natural Gas,0.71%,8,740,747
Ferry County PUD #1,Nuclear,11.15%,"11,730",92,"11,822"
Ferry County PUD #1,Other Biogenic,0.00%,0,0,0
Ferry County PUD #1,Other Non-Biogenic,0.03%,0,31,31
Ferry County PUD #1,Petroleum,0.02%,0,19,19
Ferry County PUD #1,Solar,0.00%,0,0,0
Ferry County PUD #1,Waste,0.00%,0,0,0
Ferry County PUD #1,Wind,0.00%,0,0,0
Ferry County PUD #1,Total,100.00%,"102,064","3,945","106,008"
Franklin County PUD #1,Biogas,0.00%,0,0,0
Franklin County PUD #1,Biomass,0.14%,523,968,"1,491"
Franklin County PUD #1,Coal,2.09%,0,"21,833","21,833"
Franklin County PUD #1,Geothermal,0.00%,0,0,0
Franklin County PUD #1,Hydro,83.34%,"841,024","28,298","869,322"
Franklin County PUD #1,Natural Gas,3.92%,"28,547","12,338","40,885"
Franklin County PUD #1,Nuclear,10.43%,"107,313","1,527","108,840"
Franklin County PUD #1,Other Biogenic,0.00%,0,0,0
Franklin County PUD #1,Other Non-Biogenic,0.05%,0,514,514
Franklin County PUD #1,Petroleum,0.03%,0,324,324
Franklin County PUD #1,Solar,0.00%,0,0,0
Franklin County PUD #1,Waste,0.00%,0,0,0
Franklin County PUD #1,Wind,0.00%,0,0,0
Franklin County PUD #1,Total,100.00%,"977,407","65,802","1,043,209"
Grant County PUD #2,Biogas,0.00%,0,0,0
Grant County PUD #2,Biomass,0.86%,24,"41,331","41,355"
Grant County PUD #2,Coal,19.31%,0,"931,778","931,778"
Grant County PUD #2,Geothermal,0.00%,0,0,0
Grant County PUD #2,Hydro,66.08%,"1,980,321","1,207,690","3,188,011"
Grant County PUD #2,Natural Gas,10.91%,3,"526,559","526,562"
Grant County PUD #2,Nuclear,1.45%,"4,926","65,178","70,104"
Grant County PUD #2,Other Biogenic,0.00%,0,0,0
Grant County PUD #2,Other Non-Biogenic,0.45%,0,"21,946","21,946"
Grant County PUD #2,Petroleum,0.29%,0,"13,820","13,820"
Grant County PUD #2,Solar,0.00%,0,0,0
Grant County PUD #2,Waste,0.00%,0,0,0
Grant County PUD #2,Wind,0.65%,"31,278",0,"31,278"
Grant County PUD #2,Total,100.00%,"2,016,552","2,808,302","4,824,854"
Grays Harbor County PUD #1,Biogas,0.00%,0,0,0
Grays Harbor County PUD #1,Biomass,9.13%,"81,440",447,"81,887"
Grays Harbor County PUD #1,Coal,1.12%,0,"10,073","10,073"
Grays Harbor County PUD #1,Geothermal,0.00%,0,0,0
Grays Harbor County PUD #1,Hydro,78.92%,"694,795","13,055","707,850"
Grays Harbor County PUD #1,Natural Gas,0.64%,61,"5,692","5,753"
Grays Harbor County PUD #1,Nuclear,10.14%,"90,287",705,"90,992"
Grays Harbor County PUD #1,Other Biogenic,0.00%,0,0,0
Grays Harbor County PUD #1,Other Non-Biogenic,0.03%,0,237,237
Grays Harbor County PUD #1,Petroleum,0.02%,0,149,149
Grays Harbor County PUD #1,Solar,0.00%,0,0,0
Grays Harbor County PUD #1,Waste,0.00%,0,0,0
Grays Harbor County PUD #1,Wind,0.00%,0,0,0
Grays Harbor County PUD #1,Total,100.00%,"866,583","30,358","896,941"
Inland Power & Light,Biogas,0.00%,0,0,0
Inland Power & Light,Biomass,0.10%,489,496,985
Inland Power & Light,Coal,1.14%,0,"11,193","11,193"
Inland Power & Light,Geothermal,0.00%,0,0,0
Inland Power & Light,Hydro,79.92%,"772,052","14,507","786,559"
Inland Power & Light,Natural Gas,0.65%,68,"6,325","6,393"
Inland Power & Light,Nuclear,10.27%,"100,327",783,"101,110"
Inland Power & Light,Other Biogenic,0.00%,0,0,0
Inland Power & Light,Other Non-Biogenic,0.03%,0,264,264
Inland Power & Light,Petroleum,0.02%,0,166,166
Inland Power & Light,Solar,0.08%,829,0,829
Inland Power & Light,Waste,0.00%,0,0,0
Inland Power & Light,Wind,7.79%,"76,668",0,"76,668"
Inland Power & Light,Total,100.00%,"950,433","33,734","984,167"
Jefferson County PUD #1,Biogas,0.00%,0,0,0
Jefferson County PUD #1,Biomass,0.11%,202,205,407
Jefferson County PUD #1,Coal,1.23%,0,"4,624","4,624"
Jefferson County PUD #1,Geothermal,0.00%,0,0,0
Jefferson County PUD #1,Hydro,86.75%,"318,972","5,994","324,965"
Jefferson County PUD #1,Natural Gas,0.71%,28,"2,613","2,641"
Jefferson County PUD #1,Nuclear,11.15%,"41,450",323,"41,773"
Jefferson County PUD #1,Other Biogenic,0.00%,0,0,0
Jefferson County PUD #1,Other Non-Biogenic,0.03%,0,109,109
Jefferson County PUD #1,Petroleum,0.02%,0,69,69
Jefferson County PUD #1,Solar,0.00%,0,0,0
Jefferson County PUD #1,Waste,0.00%,0,0,0
Jefferson County PUD #1,Wind,0.00%,0,0,0
Jefferson County PUD #1,Total,100.00%,"360,652","13,937","374,588"
Kittitas County PUD #1,Biogas,0.00%,0,0,0
Kittitas County PUD #1,Biomass,0.11%,56,57,112
Kittitas County PUD #1,Coal,1.23%,0,"1,277","1,277"
Kittitas County PUD #1,Geothermal,0.00%,0,0,0
Kittitas County PUD #1,Hydro,86.75%,"88,086","1,655","89,741"
Kittitas County PUD #1,Natural Gas,0.71%,8,722,729
Kittitas County PUD #1,Nuclear,11.15%,"11,447",89,"11,536"
Kittitas County PUD #1,Other Biogenic,0.00%,0,0,0
Kittitas County PUD #1,Other Non-Biogenic,0.03%,0,30,30
Kittitas County PUD #1,Petroleum,0.02%,0,19,19
Kittitas County PUD #1,Solar,0.00%,0,0,0
Kittitas County PUD #1,Waste,0.00%,0,0,0
Kittitas County PUD #1,Wind,0.00%,0,0,0
Kittitas County PUD #1,Total,100.00%,"99,597","3,849","103,444"
Klickitat County PUD #1,Biogas,0.02%,59,0,59
Klickitat County PUD #1,Biomass,0.25%,179,765,944
Klickitat County PUD #1,Coal,4.60%,0,"17,249","17,249"
Klickitat County PUD #1,Geothermal,0.00%,0,0,0
Klickitat County PUD #1,Hydro,82.21%,"285,611","22,357","307,968"
Klickitat County PUD #1,Natural Gas,2.61%,25,"9,748","9,773"
Klickitat County PUD #1,Nuclear,10.13%,"36,738","1,207","37,944"
Klickitat County PUD #1,Other Biogenic,0.00%,0,0,0
Klickitat County PUD #1,Other Non-Biogenic,0.11%,0,406,406
Klickitat County PUD #1,Petroleum,0.07%,0,256,256
Klickitat County PUD #1,Solar,0.00%,0,0,0
Klickitat County PUD #1,Waste,0.00%,0,0,0
Klickitat County PUD #1,Wind,0.00%,0,0,0
Klickitat County PUD #1,Total,100.00%,"322,612","51,988","374,599"
Kootenai Electric Coop,Biogas,0.00%,0,0,0
Kootenai Electric Coop,Biomass,0.11%,1,1,3
Kootenai Electric Coop,Coal,1.23%,0,28,28
Kootenai Electric Coop,Geothermal,0.00%,0,0,0
Kootenai Electric Coop,Hydro,86.75%,"1,961",37,"1,998"
Kootenai Electric Coop,Natural Gas,0.71%,0,16,16
Kootenai Electric Coop,Nuclear,11.15%,255,2,257
Kootenai Electric Coop,Other Biogenic,0.00%,0,0,0
Kootenai Electric Coop,Other Non-Biogenic,0.03%,0,1,1
Kootenai Electric Coop,Petroleum,0.02%,0,0,0
Kootenai Electric Coop,Solar,0.00%,0,0,0
Kootenai Electric Coop,Waste,0.00%,0,0,0
Kootenai Electric Coop,Wind,0.00%,0,0,0
Kootenai Electric Coop,Total,100.00%,"2,217",85,"2,303"
Lakeview Light & Power,Biogas,0.00%,0,0,0
Lakeview Light & Power,Biomass,0.11%,140,143,283
Lakeview Light & Power,Coal,1.23%,0,"3,213","3,213"
Lakeview Light & Power,Geothermal,0.00%,0,0,0
Lakeview Light & Power,Hydro,86.75%,"221,657","4,165","225,822"
Lakeview Light & Power,Natural Gas,0.71%,20,"1,816","1,835"
Lakeview Light & Power,Nuclear,11.15%,"28,804",225,"29,029"
Lakeview Light & Power,Other Biogenic,0.00%,0,0,0
Lakeview Light & Power,Other Non-Biogenic,0.03%,0,76,76
Lakeview Light & Power,Petroleum,0.02%,0,48,48
Lakeview Light & Power,Solar,0.00%,0,0,0
Lakeview Light & Power,Waste,0.00%,0,0,0
Lakeview Light & Power,Wind,0.00%,0,0,0
Lakeview Light & Power,Total,100.00%,"250,621","9,686","260,306"
Lewis County PUD #1,Biogas,0.00%,0,0,0
Lewis County PUD #1,Biomass,0.19%,472,"1,337","1,809"
Lewis County PUD #1,Coal,3.20%,0,"30,143","30,143"
Lewis County PUD #1,Geothermal,0.00%,0,0,0
Lewis County PUD #1,Hydro,83.58%,"748,142","39,068","787,211"
Lewis County PUD #1,Natural Gas,1.82%,66,"17,034","17,100"
Lewis County PUD #1,Nuclear,10.51%,"96,823","2,108","98,932"
Lewis County PUD #1,Other Biogenic,0.00%,0,0,0
Lewis County PUD #1,Other Non-Biogenic,0.08%,0,710,710
Lewis County PUD #1,Petroleum,0.05%,0,447,447
Lewis County PUD #1,Solar,0.00%,0,0,0
Lewis County PUD #1,Waste,0.00%,0,0,0
Lewis County PUD #1,Wind,0.57%,"5,369",0,"5,369"
Lewis County PUD #1,Total,100.00%,"850,872","90,847","941,721"
Mason County PUD #1,Biogas,0.00%,0,0,0
Mason County PUD #1,Biomass,0.10%,38,38,76
Mason County PUD #1,Coal,1.14%,0,866,866
Mason County PUD #1,Geothermal,0.00%,0,0,0
Mason County PUD #1,Hydro,87.79%,"65,740","1,122","66,862"
Mason County PUD #1,Natural Gas,0.65%,5,489,494
Mason County PUD #1,Nuclear,10.27%,"7,762",61,"7,823"
Mason County PUD #1,Other Biogenic,0.00%,0,0,0
Mason County PUD #1,Other Non-Biogenic,0.03%,0,20,20
Mason County PUD #1,Petroleum,0.02%,0,13,13
Mason County PUD #1,Solar,0.00%,0,0,0
Mason County PUD #1,Waste,0.00%,0,0,0
Mason County PUD #1,Wind,0.00%,0,0,0
Mason County PUD #1,Total,100.00%,"73,545","2,609","76,154"
Mason County PUD #3,Biogas,0.00%,0,0,0
Mason County PUD #3,Biomass,0.10%,310,314,624
Mason County PUD #3,Coal,1.12%,0,"7,087","7,087"
Mason County PUD #3,Geothermal,0.00%,0,0,0
Mason County PUD #3,Hydro,78.73%,"488,863","9,186","498,048"
Mason County PUD #3,Natural Gas,0.64%,43,"4,005","4,048"
Mason County PUD #3,Nuclear,10.12%,"63,527",496,"64,023"
Mason County PUD #3,Other Biogenic,0.00%,0,0,0
Mason County PUD #3,Other Non-Biogenic,0.03%,0,167,167
Mason County PUD #3,Petroleum,0.02%,0,105,105
Mason County PUD #3,Solar,0.03%,201,0,201
Mason County PUD #3,Waste,0.00%,0,0,0
Mason County PUD #3,Wind,9.21%,"58,284",0,"58,284"
Mason County PUD #3,Total,100.00%,"611,228","21,360","632,587"
McCleary Light & Power,Biogas,0.00%,0,0,0
McCleary Light & Power,Biomass,0.11%,17,17,33
McCleary Light & Power,Coal,1.23%,0,381,381
McCleary Light & Power,Geothermal,0.00%,0,0,0
McCleary Light & Power,Hydro,86.75%,"26,248",493,"26,741"
McCleary Light & Power,Natural Gas,0.71%,2,215,217
McCleary Light & Power,Nuclear,11.15%,"3,411",27,"3,438"
McCleary Light & Power,Other Biogenic,0.00%,0,0,0
McCleary Light & Power,Other Non-Biogenic,0.03%,0,9,9
McCleary Light & Power,Petroleum,0.02%,0,6,6
McCleary Light & Power,Solar,0.00%,0,0,0
McCleary Light & Power,Waste,0.00%,0,0,0
McCleary Light & Power,Wind,0.00%,0,0,0
McCleary Light & Power,Total,100.00%,"29,678","1,148","30,825"
Milton Electric Division,Biogas,0.00%,0,0,0
Milton Electric Division,Biomass,0.11%,31,31,62
Milton Electric Division,Coal,1.23%,0,704,704
Milton Electric Division,Geothermal,0.00%,0,0,0
Milton Electric Division,Hydro,86.75%,"48,547",912,"49,459"
Milton Electric Division,Natural Gas,0.71%,4,398,402
Milton Electric Division,Nuclear,11.15%,"6,309",49,"6,358"
Milton Electric Division,Other Biogenic,0.00%,0,0,0
Milton Electric Division,Other Non-Biogenic,0.03%,0,17,17
Milton Electric Division,Petroleum,0.02%,0,10,10
Milton Electric Division,Solar,0.00%,0,0,0
Milton Electric Division,Waste,0.00%,0,0,0
Milton Electric Division,Wind,0.00%,0,0,0
Milton Electric Division,Total,100.00%,"54,891","2,121","57,012"
Modern Electric Water Company,Biogas,0.00%,0,0,0
Modern Electric Water Company,Biomass,0.11%,120,122,242
Modern Electric Water Company,Coal,1.23%,0,"2,753","2,753"
Modern Electric Water Company,Geothermal,0.00%,0,0,0
Modern Electric Water Company,Hydro,86.75%,"189,916","3,569","193,485"
Modern Electric Water Company,Natural Gas,0.71%,17,"1,556","1,573"
Modern Electric Water Company,Nuclear,11.15%,"24,679",193,"24,872"
Modern Electric Water Company,Other Biogenic,0.00%,0,0,0
Modern Electric Water Company,Other Non-Biogenic,0.03%,0,65,65
Modern Electric Water Company,Petroleum,0.02%,0,41,41
Modern Electric Water Company,Solar,0.00%,0,0,0
Modern Electric Water Company,Waste,0.00%,0,0,0
Modern Electric Water Company,Wind,0.00%,0,0,0
Modern Electric Water Company,Total,100.00%,"214,732","8,299","223,031"
Nespelem Valley Elec Coop,Biogas,0.00%,0,0,0
Nespelem Valley Elec Coop,Biomass,0.11%,35,35,70
Nespelem Valley Elec Coop,Coal,1.23%,0,794,794
Nespelem Valley Elec Coop,Geothermal,0.00%,0,0,0
Nespelem Valley Elec Coop,Hydro,86.75%,"54,796","1,030","55,826"
Nespelem Valley Elec Coop,Natural Gas,0.71%,5,449,454
Nespelem Valley Elec Coop,Nuclear,11.15%,"7,121",56,"7,176"
Nespelem Valley Elec Coop,Other Biogenic,0.00%,0,0,0
Nespelem Valley Elec Coop,Other Non-Biogenic,0.03%,0,19,19
Nespelem Valley Elec Coop,Petroleum,0.02%,0,12,12
Nespelem Valley Elec Coop,Solar,0.00%,0,0,0
Nespelem Valley Elec Coop,Waste,0.00%,0,0,0
Nespelem Valley Elec Coop,Wind,0.00%,0,0,0
Nespelem Valley Elec Coop,Total,100.00%,"61,957","2,395","64,351"
Northern Lights (WA),Biogas,0.00%,0,0,0
Northern Lights (WA),Biomass,0.10%,0,0,0
Northern Lights (WA),Coal,1.12%,0,1,1
Northern Lights (WA),Geothermal,0.00%,0,0,0
Northern Lights (WA),Hydro,88.01%,101,2,103
Northern Lights (WA),Natural Gas,0.64%,0,1,1
Northern Lights (WA),Nuclear,10.08%,12,0,12
Northern Lights (WA),Other Biogenic,0.00%,0,0,0
Northern Lights (WA),Other Non-Biogenic,0.03%,0,0,0
Northern Lights (WA),Petroleum,0.02%,0,0,0
Northern Lights (WA),Solar,0.00%,0,0,0
Northern Lights (WA),Waste,0.00%,0,0,0
Northern Lights (WA),Wind,0.00%,0,0,0
Northern Lights (WA),Total,100.00%,113,4,117
Ohop Mutual Light,Biogas,0.00%,0,0,0
Ohop Mutual Light,Biomass,0.11%,45,46,90
Ohop Mutual Light,Coal,1.23%,0,"1,027","1,027"
Ohop Mutual Light,Geothermal,0.00%,0,0,0
Ohop Mutual Light,Hydro,86.75%,"70,867","1,332","72,199"
Ohop Mutual Light,Natural Gas,0.71%,6,581,587
Ohop Mutual Light,Nuclear,11.15%,"9,209",72,"9,281"
Ohop Mutual Light,Other Biogenic,0.00%,0,0,0
Ohop Mutual Light,Other Non-Biogenic,0.03%,0,24,24
Ohop Mutual Light,Petroleum,0.02%,0,15,15
Ohop Mutual Light,Solar,0.00%,0,0,0
Ohop Mutual Light,Waste,0.00%,0,0,0
Ohop Mutual Light,Wind,0.00%,0,0,0
Ohop Mutual Light,Total,100.00%,"80,127","3,097","83,223"
Okanogan County Electric Coop,Biogas,0.00%,0,0,0
Okanogan County Electric Coop,Biomass,0.11%,32,33,64
Okanogan County Electric Coop,Coal,1.24%,0,734,734
Okanogan County Electric Coop,Geothermal,0.00%,0,0,0
Okanogan County Electric Coop,Hydro,86.74%,"50,353",952,"51,305"
Okanogan County Electric Coop,Natural Gas,0.71%,4,415,419
Okanogan County Electric Coop,Nuclear,11.15%,"6,543",51,"6,595"
Okanogan County Electric Coop,Other Biogenic,0.00%,0,0,0
Okanogan County Electric Coop,Other Non-Biogenic,0.03%,0,17,17
Okanogan County Electric Coop,Petroleum,0.02%,0,11,11
Okanogan County Electric Coop,Solar,0.00%,0,0,0
Okanogan County Electric Coop,Waste,0.00%,0,0,0
Okanogan County Electric Coop,Wind,0.00%,0,0,0
Okanogan County Electric Coop,Total,100.00%,"56,932","2,213","59,145"
Okanogan County PUD #1,Biogas,0.00%,0,0,0
Okanogan County PUD #1,Biomass,0.20%,204,"1,070","1,274"
Okanogan County PUD #1,Coal,3.70%,0,"24,119","24,119"
Okanogan County PUD #1,Geothermal,0.00%,0,0,0
Okanogan County PUD #1,Hydro,87.18%,"536,520","31,262","567,781"
Okanogan County PUD #1,Natural Gas,2.10%,28,"13,630","13,659"
Okanogan County PUD #1,Nuclear,6.68%,"41,827","1,687","43,514"
Okanogan County PUD #1,Other Biogenic,0.00%,0,0,0
Okanogan County PUD #1,Other Non-Biogenic,0.09%,0,568,568
Okanogan County PUD #1,Petroleum,0.05%,0,358,358
Okanogan County PUD #1,Solar,0.00%,0,0,0
Okanogan County PUD #1,Waste,0.00%,0,0,0
Okanogan County PUD #1,Wind,0.00%,0,0,0
Okanogan County PUD #1,Total,100.00%,"578,579","72,694","651,273"
Orcas Power & Light Coop,Biogas,0.00%,0,0,0
Orcas Power & Light Coop,Biomass,0.11%,112,114,226
Orcas Power & Light Coop,Coal,1.23%,0,"2,572","2,572"
Orcas Power & Light Coop,Geothermal,0.00%,0,0,0
Orcas Power & Light Coop,Hydro,86.75%,"177,383","3,333","180,716"
Orcas Power & Light Coop,Natural Gas,0.71%,16,"1,453","1,469"
Orcas Power & Light Coop,Nuclear,11.15%,"23,051",180,"23,231"
Orcas Power & Light Coop,Other Biogenic,0.00%,0,0,0
Orcas Power & Light Coop,Other Non-Biogenic,0.03%,0,61,61
Orcas Power & Light Coop,Petroleum,0.02%,0,38,38
Orcas Power & Light Coop,Solar,0.00%,0,0,0
Orcas Power & Light Coop,Waste,0.00%,0,0,0
Orcas Power & Light Coop,Wind,0.00%,0,0,0
Orcas Power & Light Coop,Total,100.00%,"200,562","7,751","208,313"
Pacific County PUD #2,Biogas,0.00%,0,0,0
Pacific County PUD #2,Biomass,0.17%,157,352,509
Pacific County PUD #2,Coal,2.61%,0,"7,942","7,942"
Pacific County PUD #2,Geothermal,0.00%,0,0,0
Pacific County PUD #2,Hydro,84.87%,"247,579","10,294","257,874"
Pacific County PUD #2,Natural Gas,1.48%,22,"4,488","4,510"
Pacific County PUD #2,Nuclear,10.77%,"32,173",556,"32,728"
Pacific County PUD #2,Other Biogenic,0.00%,0,0,0
Pacific County PUD #2,Other Non-Biogenic,0.06%,0,187,187
Pacific County PUD #2,Petroleum,0.04%,0,118,118
Pacific County PUD #2,Solar,0.00%,0,0,0
Pacific County PUD #2,Waste,0.00%,0,0,0
Pacific County PUD #2,Wind,0.00%,0,0,0
Pacific County PUD #2,Total,100.00%,"279,931","23,937","303,868"
Pacific Power (WA),Biogas,0.00%,208,0,208
Pacific Power (WA),Biomass,0.35%,73,"15,587","15,661"
Pacific Power (WA),Coal,48.67%,"1,805,355","351,405","2,156,760"
Pacific Power (WA),Geothermal,0.00%,0,0,0
Pacific Power (WA),Hydro,26.73%,"729,083","455,461","1,184,544"
Pacific Power (WA),Natural Gas,17.57%,"580,167","198,583","778,750"
Pacific Power (WA),Nuclear,0.89%,"15,049","24,581","39,630"
Pacific Power (WA),Other Biogenic,0.00%,0,0,0
Pacific Power (WA),Other Non-Biogenic,0.19%,0,"8,276","8,276"
Pacific Power (WA),Petroleum,0.15%,"1,513","5,212","6,725"
Pacific Power (WA),Solar,0.00%,0,0,0
Pacific Power (WA),Waste,0.00%,0,0,0
Pacific Power (WA),Wind,5.45%,"241,520",0,"241,520"
Pacific Power (WA),Total,100.00%,"3,372,968","1,059,105","4,432,074"
Parkland Light & Water,Biogas,0.00%,0,0,0
Parkland Light & Water,Biomass,0.11%,62,63,124
Parkland Light & Water,Coal,1.23%,0,"1,410","1,410"
Parkland Light & Water,Geothermal,0.00%,0,0,0
Parkland Light & Water,Hydro,86.75%,"97,233","1,827","99,060"
Parkland Light & Water,Natural Gas,0.71%,9,797,805
Parkland Light & Water,Nuclear,11.15%,"12,635",99,"12,734"
Parkland Light & Water,Other Biogenic,0.00%,0,0,0
Parkland Light & Water,Other Non-Biogenic,0.03%,0,33,33
Parkland Light & Water,Petroleum,0.02%,0,21,21
Parkland Light & Water,Solar,0.00%,0,0,0
Parkland Light & Water,Waste,0.00%,0,0,0
Parkland Light & Water,Wind,0.00%,0,0,0
Parkland Light & Water,Total,100.00%,"109,939","4,250","114,187"
Pend Oreille County PUD #1,Biogas,0.00%,0,0,0
Pend Oreille County PUD #1,Biomass,0.11%,21,"1,090","1,111"
Pend Oreille County PUD #1,Coal,2.53%,0,"24,565","24,565"
Pend Oreille County PUD #1,Geothermal,0.00%,0,0,0
Pend Oreille County PUD #1,Hydro,95.21%,"894,344","31,840","926,184"
Pend Oreille County PUD #1,Natural Gas,1.43%,3,"13,882","13,885"
Pend Oreille County PUD #1,Nuclear,0.62%,"4,360","1,718","6,079"
Pend Oreille County PUD #1,Other Biogenic,0.00%,0,0,0
Pend Oreille County PUD #1,Other Non-Biogenic,0.06%,0,579,579
Pend Oreille County PUD #1,Petroleum,0.04%,0,364,364
Pend Oreille County PUD #1,Solar,0.00%,0,0,0
Pend Oreille County PUD #1,Waste,0.00%,0,0,0
Pend Oreille County PUD #1,Wind,0.00%,0,0,0
Pend Oreille County PUD #1,Total,100.00%,"898,728","74,038","972,767"
Peninsula Light,Biogas,0.00%,0,0,0
Peninsula Light,Biomass,0.11%,296,337,633
Peninsula Light,Coal,1.28%,0,"7,595","7,595"
Peninsula Light,Geothermal,0.00%,0,0,0
Peninsula Light,Hydro,80.33%,"467,817","9,845","477,661"
Peninsula Light,Natural Gas,0.73%,41,"4,292","4,334"
Peninsula Light,Nuclear,10.31%,"60,792",531,"61,323"
Peninsula Light,Other Biogenic,0.00%,0,0,0
Peninsula Light,Other Non-Biogenic,0.03%,0,179,179
Peninsula Light,Petroleum,0.02%,0,113,113
Peninsula Light,Solar,0.00%,0,0,0
Peninsula Light,Waste,0.00%,0,0,0
Peninsula Light,Wind,7.19%,"42,733",0,"42,733"
Peninsula Light,Total,100.00%,"571,679","22,892","594,571"
Port Angeles Light Operations,Biogas,0.00%,0,0,0
Port Angeles Light Operations,Biomass,0.11%,224,227,451
Port Angeles Light Operations,Coal,1.23%,0,"5,129","5,129"
Port Angeles Light Operations,Geothermal,0.00%,0,0,0
Port Angeles Light Operations,Hydro,86.75%,"353,769","6,647","360,416"
Port Angeles Light Operations,Natural Gas,0.71%,31,"2,898","2,929"
Port Angeles Light Operations,Nuclear,11.15%,"45,972",359,"46,330"
Port Angeles Light Operations,Other Biogenic,0.00%,0,0,0
Port Angeles Light Operations,Other Non-Biogenic,0.03%,0,121,121
Port Angeles Light Operations,Petroleum,0.02%,0,76,76
Port Angeles Light Operations,Solar,0.00%,0,0,0
Port Angeles Light Operations,Waste,0.00%,0,0,0
Port Angeles Light Operations,Wind,0.00%,0,0,0
Port Angeles Light Operations,Total,100.00%,"399,996","15,457","415,452"
Port of Seattle,Biogas,0.00%,0,0,0
Port of Seattle,Biomass,0.11%,77,79,156
Port of Seattle,Coal,1.23%,0,"1,771","1,771"
Port of Seattle,Geothermal,0.00%,0,0,0
Port of Seattle,Hydro,86.75%,"122,134","2,295","124,429"
Port of Seattle,Natural Gas,0.71%,11,"1,001","1,011"
Port of Seattle,Nuclear,11.15%,"15,871",124,"15,995"
Port of Seattle,Other Biogenic,0.00%,0,0,0
Port of Seattle,Other Non-Biogenic,0.03%,0,42,42
Port of Seattle,Petroleum,0.02%,0,26,26
Port of Seattle,Solar,0.00%,0,0,0
Port of Seattle,Waste,0.00%,0,0,0
Port of Seattle,Wind,0.00%,0,0,0
Port of Seattle,Total,100.00%,"138,093","5,338","143,430"
Port Townsend,Biogas,0.00%,0,0,0
Port Townsend,Biomass,0.11%,55,56,111
Port Townsend,Coal,1.23%,0,"1,262","1,262"
Port Townsend,Geothermal,0.00%,0,0,0
Port Townsend,Hydro,86.75%,"87,047","1,636","88,683"
Port Townsend,Natural Gas,0.71%,8,713,721
Port Townsend,Nuclear,11.15%,"11,312",88,"11,400"
Port Townsend,Other Biogenic,0.00%,0,0,0
Port Townsend,Other Non-Biogenic,0.03%,0,30,30
Port Townsend,Petroleum,0.02%,0,19,19
Port Townsend,Solar,0.00%,0,0,0
Port Townsend,Waste,0.00%,0,0,0
Port Townsend,Wind,0.00%,0,0,0
Port Townsend,Total,100.00%,"98,422","3,804","102,226"
Puget Sound Energy,Biogas,0.15%,"32,627",0,"32,627"
Puget Sound Energy,Biomass,0.22%,414,"47,463","47,877"
Puget Sound Energy,Coal,37.11%,"6,939,595","1,070,002","8,009,597"
Puget Sound Energy,Geothermal,0.00%,0,0,0
Puget Sound Energy,Hydro,30.54%,"5,205,945","1,386,845","6,592,790"
Puget Sound Energy,Natural Gas,21.72%,"4,083,015","604,671","4,687,685"
Puget Sound Energy,Nuclear,0.74%,"84,986","74,847","159,832"
Puget Sound Energy,Other Biogenic,0.00%,197,0,197
Puget Sound Energy,Other Non-Biogenic,0.12%,0,"25,201","25,201"
Puget Sound Energy,Petroleum,0.13%,"12,111","15,870","27,981"
Puget Sound Energy,Solar,0.00%,"1,030",0,"1,030"
Puget Sound Energy,Waste,0.00%,0,0,0
Puget Sound Energy,Wind,9.27%,"1,999,840",0,"1,999,840"
Puget Sound Energy,Total,100.00%,"18,359,760","3,224,899","21,584,657"
Richland Energy Services,Biogas,0.00%,0,0,0
Richland Energy Services,Biomass,0.11%,491,499,990
Richland Energy Services,Coal,1.23%,0,"11,244","11,244"
Richland Energy Services,Geothermal,0.00%,0,0,0
Richland Energy Services,Hydro,86.75%,"775,597","14,574","790,171"
Richland Energy Services,Natural Gas,0.71%,68,"6,354","6,423"
Richland Energy Services,Nuclear,11.15%,"100,788",787,"101,574"
Richland Energy Services,Other Biogenic,0.00%,0,0,0
Richland Energy Services,Other Non-Biogenic,0.03%,0,265,265
Richland Energy Services,Petroleum,0.02%,0,167,167
Richland Energy Services,Solar,0.00%,0,0,0
Richland Energy Services,Waste,0.00%,0,0,0
Richland Energy Services,Wind,0.00%,0,0,0
Richland Energy Services,Total,100.00%,"876,944","33,890","910,834"
"Ruston, Town of",Biogas,0.00%,0,0,0
"Ruston, Town of",Biomass,0.13%,4,4,8
"Ruston, Town of",Coal,1.54%,0,98,98
"Ruston, Town of",Geothermal,0.00%,0,0,0
"Ruston, Town of",Hydro,84.23%,"5,236",127,"5,363"
"Ruston, Town of",Natural Gas,0.88%,0,55,56
"Ruston, Town of",Nuclear,6.05%,378,7,385
"Ruston, Town of",Other Biogenic,0.00%,0,0,0
"Ruston, Town of",Other Non-Biogenic,0.04%,0,2,2
"Ruston, Town of",Petroleum,0.02%,0,1,1
"Ruston, Town of",Solar,0.00%,0,0,0
"Ruston, Town of",Waste,0.00%,0,0,0
"Ruston, Town of",Wind,7.11%,453,0,453
"Ruston, Town of",Total,100.00%,"6,071",294,"6,366"
Skamania County PUD #1,Biogas,0.00%,0,0,0
Skamania County PUD #1,Biomass,0.11%,71,73,144
Skamania County PUD #1,Coal,1.23%,0,"1,635","1,635"
Skamania County PUD #1,Geothermal,0.00%,0,0,0
Skamania County PUD #1,Hydro,86.75%,"112,814","2,120","114,934"
Skamania County PUD #1,Natural Gas,0.71%,10,924,934
Skamania County PUD #1,Nuclear,11.15%,"14,660",114,"14,774"
Skamania County PUD #1,Other Biogenic,0.00%,0,0,0
Skamania County PUD #1,Other Non-Biogenic,0.03%,0,39,39
Skamania County PUD #1,Petroleum,0.02%,0,24,24
Skamania County PUD #1,Solar,0.00%,0,0,0
Skamania County PUD #1,Waste,0.00%,0,0,0
Skamania County PUD #1,Wind,0.00%,0,0,0
Skamania County PUD #1,Total,100.00%,"127,555","4,929","132,484"
Snohomish County PUD #1,Biogas,0.00%,0,0,0
Snohomish County PUD #1,Biomass,0.10%,"3,401","3,454","6,855"
Snohomish County PUD #1,Coal,1.19%,0,"77,873","77,873"
Snohomish County PUD #1,Geothermal,0.00%,0,0,0
Snohomish County PUD #1,Hydro,87.27%,"5,632,900","100,932","5,733,832"
Snohomish County PUD #1,Natural Gas,0.68%,474,"44,007","44,480"
Snohomish County PUD #1,Nuclear,10.71%,"698,024","5,447","703,471"
Snohomish County PUD #1,Other Biogenic,0.00%,0,0,0
Snohomish County PUD #1,Other Non-Biogenic,0.03%,0,"1,834","1,834"
Snohomish County PUD #1,Petroleum,0.02%,0,"1,155","1,155"
Snohomish County PUD #1,Solar,0.00%,0,0,0
Snohomish County PUD #1,Waste,0.00%,0,0,0
Snohomish County PUD #1,Wind,0.00%,0,0,0
Snohomish County PUD #1,Total,100.00%,"6,334,799","234,702","6,569,500"
Steilacoom Electric Utility,Biogas,0.00%,0,0,0
Steilacoom Electric Utility,Biomass,0.11%,21,21,43
Steilacoom Electric Utility,Coal,1.23%,0,483,483
Steilacoom Electric Utility,Geothermal,0.00%,0,0,0
Steilacoom Electric Utility,Hydro,86.75%,"33,344",627,"33,971"
Steilacoom Electric Utility,Natural Gas,0.71%,3,273,276
Steilacoom Electric Utility,Nuclear,11.15%,"4,333",34,"4,367"
Steilacoom Electric Utility,Other Biogenic,0.00%,0,0,0
Steilacoom Electric Utility,Other Non-Biogenic,0.03%,0,11,11
Steilacoom Electric Utility,Petroleum,0.02%,0,7,7
Steilacoom Electric Utility,Solar,0.00%,0,0,0
Steilacoom Electric Utility,Waste,0.00%,0,0,0
Steilacoom Electric Utility,Wind,0.00%,0,0,0
Steilacoom Electric Utility,Total,100.00%,"37,701","1,456","39,158"
"Sumas, City of",Biogas,0.00%,0,0,0
"Sumas, City of",Biomass,0.11%,18,18,36
"Sumas, City of",Coal,1.23%,0,412,412
"Sumas, City of",Geothermal,0.00%,0,0,0
"Sumas, City of",Hydro,86.75%,"28,443",534,"28,977"
"Sumas, City of",Natural Gas,0.71%,3,233,236
"Sumas, City of",Nuclear,11.15%,"3,696",29,"3,725"
"Sumas, City of",Other Biogenic,0.00%,0,0,0
"Sumas, City of",Other Non-Biogenic,0.03%,0,10,10
"Sumas, City of",Petroleum,0.02%,0,6,6
"Sumas, City of",Solar,0.00%,0,0,0
"Sumas, City of",Waste,0.00%,0,0,0
"Sumas, City of",Wind,0.00%,0,0,0
"Sumas, City of",Total,100.00%,"32,160","1,242","33,402"
Tacoma Power,Biogas,0.00%,0,0,0
Tacoma Power,Biomass,0.13%,"3,074","3,285","6,359"
Tacoma Power,Coal,1.54%,0,"74,056","74,056"
Tacoma Power,Geothermal,0.00%,0,0,0
Tacoma Power,Hydro,84.23%,"3,948,832","95,984","4,044,816"
Tacoma Power,Natural Gas,0.88%,194,"41,850","42,043"
Tacoma Power,Nuclear,6.05%,"285,332","5,180","290,512"
Tacoma Power,Other Biogenic,0.00%,0,0,0
Tacoma Power,Other Non-Biogenic,0.04%,0,"1,744","1,744"
Tacoma Power,Petroleum,0.02%,0,"1,098","1,098"
Tacoma Power,Solar,0.00%,0,0,0
Tacoma Power,Waste,0.00%,0,0,0
Tacoma Power,Wind,7.11%,"341,423",0,"341,423"
Tacoma Power,Total,100.00%,"4,578,855","223,197","4,802,051"
Tanner Electric Coop,Biogas,0.00%,0,0,0
Tanner Electric Coop,Biomass,0.11%,51,52,103
Tanner Electric Coop,Coal,1.23%,0,"1,167","1,167"
Tanner Electric Coop,Geothermal,0.00%,0,0,0
Tanner Electric Coop,Hydro,86.75%,"80,489","1,512","82,002"
Tanner Electric Coop,Natural Gas,0.71%,7,659,667
Tanner Electric Coop,Nuclear,11.15%,"10,459",82,"10,541"
Tanner Electric Coop,Other Biogenic,0.00%,0,0,0
Tanner Electric Coop,Other Non-Biogenic,0.03%,0,27,27
Tanner Electric Coop,Petroleum,0.02%,0,17,17
Tanner Electric Coop,Solar,0.00%,0,0,0
Tanner Electric Coop,Waste,0.00%,0,0,0
Tanner Electric Coop,Wind,0.00%,0,0,0
Tanner Electric Coop,Total,100.00%,"91,006","3,516","94,524"
Vera Water & Power,Biogas,0.00%,0,0,0
Vera Water & Power,Biomass,0.11%,120,122,243
Vera Water & Power,Coal,1.23%,0,"2,755","2,755"
Vera Water & Power,Geothermal,0.00%,0,0,0
Vera Water & Power,Hydro,86.75%,"190,068","3,571","193,640"
Vera Water & Power,Natural Gas,0.71%,17,"1,557","1,574"
Vera Water & Power,Nuclear,11.15%,"24,699",193,"24,892"
Vera Water & Power,Other Biogenic,0.00%,0,0,0
Vera Water & Power,Other Non-Biogenic,0.03%,0,65,65
Vera Water & Power,Petroleum,0.02%,0,41,41
Vera Water & Power,Solar,0.00%,0,0,0
Vera Water & Power,Waste,0.00%,0,0,0
Vera Water & Power,Wind,0.00%,0,0,0
Vera Water & Power,Total,100.00%,"214,904","8,304","223,210"
Wahkiakum County PUD #1,Biogas,0.00%,0,0,0
Wahkiakum County PUD #1,Biomass,0.11%,23,23,46
Wahkiakum County PUD #1,Coal,1.23%,0,518,518
Wahkiakum County PUD #1,Geothermal,0.00%,0,0,0
Wahkiakum County PUD #1,Hydro,86.75%,"35,749",672,"36,421"
Wahkiakum County PUD #1,Natural Gas,0.71%,3,293,296
Wahkiakum County PUD #1,Nuclear,11.15%,"4,646",36,"4,682"
Wahkiakum County PUD #1,Other Biogenic,0.00%,0,0,0
Wahkiakum County PUD #1,Other Non-Biogenic,0.03%,0,12,12
Wahkiakum County PUD #1,Petroleum,0.02%,0,8,8
Wahkiakum County PUD #1,Solar,0.00%,0,0,0
Wahkiakum County PUD #1,Waste,0.00%,0,0,0
Wahkiakum County PUD #1,Wind,0.00%,0,0,0
Wahkiakum County PUD #1,Total,100.00%,"40,421","1,562","41,983"
Whatcom County PUD #1,Biogas,0.00%,0,0,0
Whatcom County PUD #1,Biomass,0.11%,124,126,250
Whatcom County PUD #1,Coal,1.23%,0,"2,842","2,842"
Whatcom County PUD #1,Geothermal,0.00%,0,0,0
Whatcom County PUD #1,Hydro,86.75%,"196,031","3,683","199,714"
Whatcom County PUD #1,Natural Gas,0.71%,17,"1,606","1,623"
Whatcom County PUD #1,Nuclear,11.15%,"25,474",199,"25,673"
Whatcom County PUD #1,Other Biogenic,0.00%,0,0,0
Whatcom County PUD #1,Other Non-Biogenic,0.03%,0,67,67
Whatcom County PUD #1,Petroleum,0.02%,0,42,42
Whatcom County PUD #1,Solar,0.00%,0,0,0
Whatcom County PUD #1,Waste,0.00%,0,0,0
Whatcom County PUD #1,Wind,0.00%,0,0,0
Whatcom County PUD #1,Total,100.00%,"221,646","8,565","230,211"
Yakama Power,Biogas,0.00%,0,0,0
Yakama Power,Biomass,0.11%,54,55,109
Yakama Power,Coal,1.23%,0,"1,237","1,237"
Yakama Power,Geothermal,0.00%,0,0,0
Yakama Power,Hydro,86.75%,"85,319","1,603","86,922"
Yakama Power,Natural Gas,0.71%,8,699,707
Yakama Power,Nuclear,11.15%,"11,087",87,"11,174"
Yakama Power,Other Biogenic,0.00%,0,0,0
Yakama Power,Other Non-Biogenic,0.03%,0,29,29
Yakama Power,Petroleum,0.02%,0,18,18
Yakama Power,Solar,0.00%,0,0,0
Yakama Power,Waste,0.00%,0,0,0
Yakama Power,Wind,0.00%,0,0,0
Yakama Power,Total,100.00%,"96,468","3,728","100,196"
